{"cameraMode":{"drawMode":2,"name":"Shaded Wireframe","section":"Shading Mode"},"sceneLighting":false,"audioPlay":false,"sceneViewState":{"showFog":true,"showMaterialUpdate":false,"showSkybox":false,"showFlares":true,"showImageEffects":true,"showParticleSystems":true,"showVisualEffectGraphs":true,"m_FxEnabled":true},"in2DMode":false,"pivot":{"x":0.02646040916442871,"y":0.28097689151763918,"z":-0.007560759782791138},"rotation":{"x":-0.18404528498649598,"y":-0.8135786652565002,"z":0.36898061633110049,"w":-0.41102421283721926},"size":0.10653640329837799,"orthographic":false}