{"cameraMode":{"drawMode":0,"name":"Shaded","section":"Shading Mode"},"sceneLighting":false,"audioPlay":false,"sceneViewState":{"showFog":true,"showMaterialUpdate":false,"showSkybox":false,"showFlares":true,"showImageEffects":true,"showParticleSystems":true,"showVisualEffectGraphs":true,"m_FxEnabled":true},"in2DMode":false,"pivot":{"x":0.01900000125169754,"y":9.996000289916993,"z":-13.716614723205567},"rotation":{"x":-0.04489782825112343,"y":0.7382566928863525,"z":-0.6717073321342468,"w":-0.04760804399847984},"size":0.07071080803871155,"orthographic":false}