{"cameraMode":{"drawMode":0,"name":"Shaded","section":"Shading Mode"},"sceneLighting":false,"audioPlay":false,"sceneViewState":{"showFog":true,"showMaterialUpdate":false,"showSkybox":false,"showFlares":true,"showImageEffects":true,"showParticleSystems":true,"showVisualEffectGraphs":true,"m_FxEnabled":true},"in2DMode":false,"pivot":{"x":-0.14527326822280885,"y":10.000190734863282,"z":-13.690303802490235},"rotation":{"x":-0.03783229738473892,"y":0.01295523438602686,"z":0.0012894661631435156,"w":-0.9995135068893433},"size":0.09013861417770386,"orthographic":false}