{"cameraMode":{"drawMode":0,"name":"Shaded","section":"Shading Mode"},"sceneLighting":false,"audioPlay":false,"sceneViewState":{"showFog":true,"showMaterialUpdate":false,"showSkybox":false,"showFlares":true,"showImageEffects":true,"showParticleSystems":true,"showVisualEffectGraphs":true,"m_FxEnabled":true},"in2DMode":false,"pivot":{"x":2.9486000537872316,"y":1.2862000465393067,"z":0.3189718425273895},"rotation":{"x":0.07777398079633713,"y":-0.8528473377227783,"z":0.500813901424408,"w":0.12801194190979005},"size":0.09014013409614563,"orthographic":false}