{"cameraMode":{"drawMode":0,"name":"Shaded","section":"Shading Mode"},"sceneLighting":false,"audioPlay":false,"sceneViewState":{"showFog":true,"showMaterialUpdate":false,"showSkybox":false,"showFlares":true,"showImageEffects":true,"showParticleSystems":true,"showVisualEffectGraphs":true,"m_FxEnabled":true},"in2DMode":false,"pivot":{"x":0.04254336655139923,"y":9.994686126708985,"z":-13.721165657043457},"rotation":{"x":0.017805520445108415,"y":-0.6572301387786865,"z":0.01201159693300724,"w":0.753791332244873},"size":0.09014000743627548,"orthographic":false}