{"cameraMode":{"drawMode":0,"name":"Shaded","section":"Shading Mode"},"sceneLighting":false,"audioPlay":false,"sceneViewState":{"showFog":true,"showMaterialUpdate":false,"showSkybox":false,"showFlares":true,"showImageEffects":true,"showParticleSystems":true,"showVisualEffectGraphs":true,"m_FxEnabled":true},"in2DMode":false,"pivot":{"x":-0.007119469344615936,"y":9.953794479370118,"z":-13.689897537231446},"rotation":{"x":0.009080820716917515,"y":-0.9552996158599854,"z":0.29577454924583437,"w":0.02105192095041275},"size":0.09014000743627548,"orthographic":false}