{"cameraMode":{"drawMode":0,"name":"Shaded","section":"Shading Mode"},"sceneLighting":false,"audioPlay":false,"sceneViewState":{"showFog":true,"showMaterialUpdate":false,"showSkybox":false,"showFlares":true,"showImageEffects":true,"showParticleSystems":true,"showVisualEffectGraphs":true,"m_FxEnabled":true},"in2DMode":false,"pivot":{"x":0.018999993801116945,"y":9.996000289916993,"z":-13.716614723205567},"rotation":{"x":0.40651655197143557,"y":0.5846304893493652,"z":-0.4337780773639679,"w":0.5528498291969299},"size":0.25000032782554629,"orthographic":false}