{"cameraMode":{"drawMode":0,"name":"Shaded","section":"Shading Mode"},"sceneLighting":false,"audioPlay":false,"sceneViewState":{"showFog":true,"showMaterialUpdate":false,"showSkybox":false,"showFlares":true,"showImageEffects":true,"showParticleSystems":true,"showVisualEffectGraphs":true,"m_FxEnabled":true},"in2DMode":false,"pivot":{"x":7.450580596923828e-9,"y":0.3070000112056732,"z":-7.450580596923828e-9},"rotation":{"x":0.016023870557546617,"y":-0.7177861928939819,"z":-0.011191369965672493,"w":-0.6967239379882813},"size":0.07141429930925369,"orthographic":false}